{
  "xs-app.json": 1715349567333,
  "test/integration/FirstJourney.js": 1715348034384,
  "test/integration/pages/IncidentsList.js": 1715348034316,
  "test/integration/opaTests.qunit.js": 1715348034276,
  "test/integration/pages/IncidentsObjectPage.js": 1715348034316,
  "test/testsuite.qunit.js": 1715348034216,
  "i18n/i18n.properties": 1715348066995,
  "manifest.json": 1715349573925,
  "Component.js": 1715348034064,
  "test/integration/pages/IncidentsObjectPage-dbg.js": 1715348034316,
  "test/integration/pages/IncidentsObjectPage.js.map": 1715349602135,
  "test/integration/pages/IncidentsList-dbg.js": 1715348034316,
  "test/integration/pages/IncidentsList.js.map": 1715349602134,
  "test/integration/opaTests.qunit-dbg.js": 1715348034276,
  "test/integration/opaTests.qunit.js.map": 1715349602141,
  "test/integration/FirstJourney-dbg.js": 1715348034384,
  "test/integration/FirstJourney.js.map": 1715349602144,
  "test/testsuite.qunit-dbg.js": 1715348034216,
  "test/testsuite.qunit.js.map": 1715349602140,
  "Component-dbg.js": 1715348034064,
  "Component.js.map": 1715349602137,
  "Component-preload.js": 1715349602228,
  "Component-preload.js.map": 1715349602228,
  "test/integration/opaTests.qunit.html": 1715348034260,
  "test/testsuite.qunit.html": 1715348034204,
  "test/flpSandbox.html": 1715348034200,
  "index.html": 1715348034084
}