{
  "test/flpSandbox.html": 1715348034200,
  "test/integration/pages/IncidentsObjectPage.js": 1715348034316,
  "test/integration/pages/IncidentsList.js": 1715348034316,
  "test/integration/opaTests.qunit.js": 1715348034276,
  "test/integration/FirstJourney.js": 1715348034384,
  "test/testsuite.qunit.js": 1715348034216,
  "xs-app.json": 1716960789352,
  "manifest.json": 1716959656540,
  "Component.js": 1715348034064,
  "test/testsuite.qunit-dbg.js": 1715348034216,
  "test/testsuite.qunit.js.map": 1716960808749,
  "test/integration/pages/IncidentsList-dbg.js": 1715348034316,
  "test/integration/pages/IncidentsList.js.map": 1716960808739,
  "test/integration/opaTests.qunit-dbg.js": 1715348034276,
  "test/integration/opaTests.qunit.js.map": 1716960808746,
  "test/integration/FirstJourney-dbg.js": 1715348034384,
  "test/integration/FirstJourney.js.map": 1716960808756,
  "test/integration/pages/IncidentsObjectPage-dbg.js": 1715348034316,
  "test/integration/pages/IncidentsObjectPage.js.map": 1716960808742,
  "Component-dbg.js": 1715348034064,
  "Component.js.map": 1716960808744,
  "Component-preload.js": 1716960808848,
  "Component-preload.js.map": 1716960808848,
  "test/integration/opaTests.qunit.html": 1715348034260,
  "test/testsuite.qunit.html": 1715348034204,
  "i18n/i18n.properties": 1715348066995,
  "index.html": 1715348034084
}